mp,tav,tbv,bc,ac,time
10.32,271330.778,23365.416,240274.572,12824519.366,1693251377
10.32,271326.828,23365.416,240274.572,12824478.602,1693251380
10.32,271330.128,23365.416,240274.314,12824512.658,1693251383
10.32,271330.128,23365.416,240274.314,12824512.658,1693251386
10.32,271428.07,23365.416,240274.572,12825523.419,1693251389
10.32,271428.07,23315.483,239756.627,12825523.419,1693251392
10.32,271428.07,23315.483,239756.627,12825523.419,1693251395
10.32,271428.07,23315.483,239759.039,12825523.419,1693251398
10.32,270705.546,23233.069,238909.532,12818057.055,1693251401
10.31,272094.363,23938.94,246169.007,12832366.396,1693251404
10.31,272172.112,23938.94,246166.356,12833169.982,1693251407
10.31,271912.913,23953.105,246312.121,12830491.502,1693251410
10.31,272588.628,23304.238,239615.451,12837451.325,1693251413
10.31,273285.909,23175.473,238284.729,12844628.679,1693251416
10.31,273285.989,23175.473,238284.729,12844624.102,1693251419
10.31,273285.559,23175.473,238284.729,12844617.915,1693251422
10.31,273232.343,23300.866,239576.352,12844090.39,1693251425
10.32,271082.86,23177.666,238343.722,12821949.616,1693251428
10.32,271108.291,23177.303,238340.813,12822212.827,1693251431
10.32,271111.591,23177.303,238340.38,12822246.883,1693251434
10.32,270997.719,18153.342,186847.768,12821150.509,1693251437
10.32,273670.509,17297.601,178035.868,12848751.492,1693251440
10.32,273670.509,17378.896,178872.394,12848751.492,1693251443
10.32,273069.787,17378.825,178872.651,12842557.0,1693251446
10.32,272633.627,17378.027,178864.44,12838055.829,1693251449
10.32,273248.526,17378.027,178864.44,12844399.809,1693251452
10.32,273248.526,17378.027,178864.179,12844398.377,1693251455
10.32,273248.526,17378.027,178864.179,12844398.377,1693251458
10.32,273270.76,17400.261,179095.394,12844621.375,1693251461
10.32,273431.629,17400.119,179093.93,12846286.379,1693251464
10.32,273431.629,17400.119,179093.93,12846290.853,1693251467
10.32,273431.629,17454.124,179649.641,12846286.379,1693251470
10.32,273335.308,17454.124,179649.641,12845292.346,1693251473
10.32,272249.533,18309.181,188468.059,12834100.712,1693251476
10.32,271641.769,18509.181,190530.059,12827825.556,1693251479
10.32,272223.777,18509.181,190530.059,12833850.915,1693251482
10.32,272223.777,18537.911,190826.265,12833851.762,1693251485
10.32,271833.356,18765.587,193165.91,12829800.968,1693251488
10.32,271568.207,17827.631,183533.897,12827091.896,1693251491
10.32,272097.303,17586.846,181059.501,12832551.655,1693251494
10.32,271689.588,17171.101,176780.415,12828336.871,1693251497
10.32,271383.365,17171.101,176780.415,12825176.391,1693251500
10.32,271303.619,17175.412,176824.926,12824359.629,1693251503
10.32,272186.847,17605.195,181259.634,12833483.605,1693251506
10.32,272017.741,17301.511,178110.663,12831707.445,1693251509
10.32,272017.741,17301.511,178110.663,12831707.445,1693251512
10.32,272015.664,17301.511,178110.663,12831681.421,1693251515
10.32,272098.861,17301.511,178110.663,12832529.345,1693251518
10.32,272098.861,17301.511,178110.663,12832529.345,1693251521
10.32,272098.379,17589.359,181078.394,12832524.371,1693251524
10.32,272098.379,17589.344,181079.042,12832524.371,1693251527
10.33,270986.481,17041.196,175445.317,12821104.068,1693251530
10.33,270983.181,17199.083,177069.959,12821069.979,1693251533
10.33,270909.277,16925.955,174266.226,12820312.227,1693251536
10.33,270319.404,16918.858,174193.287,12814220.954,1693251539
10.33,270322.717,16478.484,169668.192,12814251.136,1693251542
10.33,269263.954,17126.271,176366.739,12803478.884,1693251545
10.33,269916.658,17993.091,185312.561,12810247.491,1693251548
10.33,269246.325,17290.175,178069.954,12803322.162,1693251551
10.33,270621.004,17771.667,183037.246,12817526.467,1693251554
10.33,270293.94,18021.667,185617.322,12814147.896,1693251557
10.33,272073.515,18126.095,186705.893,12832577.119,1693251560
10.33,272060.457,16286.631,167712.772,12832409.735,1693251563
10.33,272472.318,17290.636,178047.598,12836671.586,1693251566
10.33,272501.552,16183.833,166633.85,12836938.612,1693251569
10.32,271043.701,16061.223,165362.162,12821882.474,1693251572
10.32,271175.098,16785.774,172828.41,12823186.403,1693251575
10.32,271175.139,17322.849,178355.2,12823183.495,1693251578
10.32,271175.139,17230.677,177407.022,12823183.495,1693251581
10.32,271175.139,17322.851,178355.492,12823183.562,1693251584
10.32,271175.139,17322.851,178355.492,12823180.047,1693251587
10.32,271175.139,17322.851,178355.492,12823180.047,1693251590
10.32,271186.841,17322.851,178355.492,12823300.929,1693251593
10.32,271186.841,17322.851,178355.492,12823300.929,1693251596
10.32,270281.583,17302.064,178141.386,12813931.315,1693251599
10.32,270390.985,17811.004,183393.276,12815088.064,1693251602
10.33,270374.915,18042.771,185790.983,12814920.811,1693251605
10.33,270374.915,18042.771,185790.983,12814920.896,1693251608
10.33,270399.291,18042.771,185790.983,12815172.616,1693251611
10.32,270897.932,17397.715,179125.418,12820317.705,1693251614
10.32,270897.932,17397.715,179125.418,12820317.771,1693251617
10.32,271017.247,17358.731,178723.882,12821550.229,1693251620
10.32,271017.247,17358.731,178723.882,12821550.229,1693251623
10.32,270290.652,17120.02,176265.579,12814034.677,1693251626
10.32,271048.345,17248.58,177591.335,12821861.85,1693251629
10.32,271048.345,17046.315,175508.006,12821861.85,1693251632
10.32,271048.345,17248.567,177591.201,12821861.85,1693251635
10.32,271048.345,17258.739,177695.973,12821861.85,1693251638
10.32,271031.414,17228.52,177384.717,12821686.784,1693251641
10.32,271753.504,17164.356,176715.567,12829125.829,1693251644
10.32,271880.797,15478.321,159324.185,12830386.401,1693251647
10.32,271659.988,22497.511,231341.648,12827925.966,1693251650
10.32,272050.985,24113.846,247980.235,12831960.593,1693251653
10.32,272050.985,24113.846,247980.235,12831960.527,1693251656
10.32,272050.985,24113.846,247980.235,12831960.593,1693251659
10.32,272050.985,24113.846,247977.823,12831960.527,1693251662
10.32,272050.985,24113.846,247977.551,12831953.924,1693251665
10.31,270185.144,24173.846,248551.84,12812501.546,1693251668
10.31,270185.144,24113.846,247934.47,12812501.546,1693251671
10.31,270185.144,24061.377,247413.534,12812520.516,1693251674
10.31,272395.104,23986.064,246636.908,12835322.167,1693251677
10.31,272395.104,23986.064,246636.908,12835319.667,1693251680
10.31,272395.104,23986.064,246636.908,12835319.667,1693251683
10.31,272363.475,23986.064,246633.82,12834993.256,1693251686
10.31,272363.475,23986.064,246633.82,12834988.049,1693251689
10.31,271479.471,23324.321,239823.966,12825871.991,1693251692
10.31,271479.471,23324.321,239823.664,12825871.991,1693251695
10.31,271479.471,23324.08,239820.373,12825871.822,1693251698
10.31,271479.471,23324.152,239821.925,12825871.822,1693251701
10.31,271526.913,24052.665,247315.625,12826361.423,1693251704
10.31,271010.321,23976.888,246534.757,12821015.072,1693251707
10.31,271606.044,24037.205,247155.419,12827156.976,1693251710
10.31,272324.007,23388.272,240455.102,12834533.497,1693251713
10.31,271965.449,24038.272,247150.102,12830829.302,1693251716
10.31,272013.908,24038.272,247150.102,12831329.641,1693251719
10.31,272200.875,23938.256,246120.741,12833269.227,1693251722
10.31,271854.265,24038.256,247150.741,12829684.242,1693251725
10.31,272242.123,24068.767,247476.551,12833687.284,1693251729
10.31,272123.233,24068.767,247477.909,12832471.46,1693251732
10.31,272123.233,24068.767,247477.909,12832467.988,1693251734
10.31,272133.233,24068.767,247477.909,12832568.906,1693251737
10.31,272133.233,24068.767,247474.357,12832565.354,1693251741
10.31,273192.616,22818.914,234589.651,12843462.915,1693251745
10.31,272428.228,22757.355,233955.651,12835582.159,1693251746
10.31,272476.688,22752.129,233900.53,12836082.424,1693251749
10.31,273198.299,22758.481,233967.249,12843522.318,1693251752
10.31,272512.596,23015.198,236520.611,12836396.278,1693251755
10.31,272512.596,16133.622,165797.776,12836262.088,1693251758
10.31,272499.318,16522.155,169785.951,12836115.722,1693251761
10.31,272499.318,16440.799,168949.611,12836115.656,1693251764
10.31,272499.318,16440.799,168949.611,12836115.463,1693251767
10.31,273971.874,16751.826,172150.493,12851294.985,1693251770
10.3,272657.052,17041.024,175113.815,12837645.399,1693251774
10.3,272253.652,17041.01,175111.569,12833495.652,1693251776
10.3,271267.435,17129.95,176024.215,12823336.258,1693251780
10.3,271267.435,17154.303,176274.564,12823336.258,1693251782
10.3,271272.367,18114.23,186160.282,12823399.701,1693251785
10.3,271119.582,17392.901,178740.884,12821822.71,1693251788
10.3,270913.096,17393.281,178764.571,12819602.798,1693251791
10.3,270913.096,17393.401,178764.989,12819602.798,1693251794
10.31,272622.49,17580.307,180730.457,12837338.308,1693251797
10.31,272709.419,18252.445,187653.698,12838256.518,1693251800
10.31,272204.635,18252.43,187655.63,12833053.352,1693251803
10.31,271949.983,18252.43,187655.781,12830428.402,1693251807
10.31,272349.606,18747.69,192760.094,12834561.877,1693251809
10.31,272794.031,18289.389,188038.235,12839138.242,1693251812
10.31,273319.779,18170.538,186813.073,12844550.068,1693251815
10.31,272851.999,17691.109,181883.301,12839715.148,1693251818
10.31,272385.53,17807.717,183141.621,12834911.176,1693251822
10.31,272060.124,18207.717,187262.979,12831562.389,1693251825
10.31,272867.789,17660.781,181609.135,12839881.15,1693251828
10.31,270620.457,18480.986,190086.253,12816735.423,1693251830
10.31,271078.835,19036.024,195793.271,12821475.503,1693251833
10.31,271762.709,18960.477,194997.829,12828538.966,1693251837
10.31,271688.06,19596.67,201537.025,12827748.882,1693251840
10.31,271323.233,19746.67,203083.534,12823988.697,1693251842
10.31,271323.233,19746.67,203083.534,12823988.697,1693251845
10.31,271323.233,19746.67,203083.534,12823988.697,1693251849
10.31,272055.666,17965.242,184746.975,12831502.933,1693251852
10.31,273232.508,17112.098,175984.455,12843625.312,1693251855
10.31,271811.319,18288.75,188100.112,12829013.061,1693251858
10.31,270235.956,17080.198,175671.601,12812769.713,1693251860
10.31,270657.661,18996.186,195369.058,12817143.398,1693251863
10.32,271465.551,19004.661,195459.023,12825592.122,1693251867
10.31,270821.725,19004.661,195459.023,12818947.776,1693251870
10.32,270652.322,18877.493,194155.884,12817199.87,1693251873
10.32,270652.322,18876.16,194153.706,12817201.258,1693251876
10.32,271039.96,18876.16,194153.706,12821205.559,1693251879
10.32,271039.96,18876.16,194172.675,12821205.559,1693251882
10.32,270663.771,18225.77,187484.912,12817324.498,1693251885
10.31,270750.875,17099.731,175879.173,12818212.186,1693251888
10.31,270741.659,18467.616,189953.963,12818112.491,1693251891
10.31,270741.659,18467.616,189953.963,12818112.491,1693251894
10.31,270844.804,18493.641,190222.395,12819175.445,1693251897
10.31,270844.804,18569.188,190998.867,12819175.445,1693251900
10.32,270919.402,17520.866,180238.537,12819956.847,1693251903
10.31,271066.954,17585.587,180903.097,12821463.388,1693251905
10.31,271106.168,17666.103,181730.801,12821868.077,1693251909
10.31,271116.015,18802.334,193434.784,12821969.924,1693251912
10.31,271116.015,18802.334,193434.784,12821969.924,1693251915
10.32,271418.852,18608.93,191449.542,12825119.938,1693251918
10.32,271368.852,18608.93,191449.542,12824604.023,1693251921
10.32,271018.852,18613.984,191501.648,12820992.023,1693251924
10.32,271038.624,18614.117,191506.568,12821196.07,1693251927
10.32,271088.624,18614.117,191508.98,12821711.985,1693251930
10.32,271023.326,18614.117,191508.98,12821038.11,1693251933
10.32,271023.326,17833.735,183467.739,12821038.11,1693251936
10.32,271023.326,17836.895,183500.378,12821033.771,1693251939
10.32,270668.103,18236.895,187624.378,12817365.189,1693251942
10.32,271719.198,19389.798,199521.06,12828389.091,1693251945
10.32,272105.66,18343.404,188752.252,12832395.519,1693251948
10.32,272015.369,18367.605,189002.401,12831462.642,1693251951
10.32,272179.246,18351.703,188839.936,12833158.686,1693251954
10.32,272179.246,18351.703,188838.849,12833158.686,1693251957
10.32,272403.843,18351.703,188838.698,12835475.85,1693251960
10.32,271871.803,18342.403,188744.246,12830005.077,1693251963
10.32,272071.803,18342.403,188744.246,12832069.077,1693251966
10.32,272071.803,18342.403,188744.246,12832069.077,1693251969
10.32,272280.779,18293.26,188237.477,12834225.709,1693251972
10.32,272155.938,18421.227,189555.731,12832937.543,1693251975
10.32,271186.565,18981.758,195333.288,12822936.03,1693251978
10.32,271211.332,18251.322,187818.733,12823206.058,1693251981
10.32,271136.86,18251.322,187818.431,12822435.801,1693251984
10.32,271143.496,18247.884,187781.894,12822501.811,1693251987
10.32,271995.389,18900.722,194501.357,12831288.139,1693251990
10.32,271687.509,18817.438,193655.634,12828110.818,1693251993
10.32,272032.572,18866.332,194158.964,12831671.868,1693251996
10.32,271726.757,18866.332,194159.1,12828511.211,1693251999
10.32,271899.534,18866.332,194158.964,12830298.618,1693252002
10.33,269431.095,12670.828,130471.805,12804847.856,1693252005
10.33,271087.722,12670.2,130460.084,12821955.14,1693252008
10.33,271112.677,12723.996,131014.183,12822212.925,1693252011
10.33,271115.977,12752.571,131309.602,12822247.014,1693252014
10.33,271112.677,15196.916,156461.313,12822212.925,1693252017
10.33,271336.182,15115.346,155621.142,12824521.732,1693252020
10.33,271336.182,15196.158,156452.698,12824521.732,1693252023
10.33,271332.583,15196.158,156447.078,12824486.9,1693252026
10.33,270685.696,15134.356,155813.098,12817804.793,1693252029
10.33,270199.894,15251.971,157023.561,12812786.458,1693252032
10.33,269448.086,15236.154,156862.045,12805020.282,1693252035
10.33,269636.241,15236.154,156862.045,12806965.311,1693252038
10.33,269636.241,14985.93,154297.861,12806969.843,1693252041
10.33,269155.184,16657.505,171553.968,12802255.93,1693252044
10.33,268938.517,16686.845,171857.529,12800024.886,1693252047
10.33,269045.675,17271.107,177891.752,12801184.097,1693252050
10.33,269072.282,17271.107,177892.024,12801459.746,1693252054
10.33,269072.282,16544.276,170401.599,12801459.746,1693252057
10.33,269072.282,16544.276,170401.599,12801459.746,1693252059
10.33,269068.246,16544.524,170406.211,12801421.854,1693252062
10.33,268717.896,16215.679,167029.469,12797795.834,1693252065
10.33,268257.697,16867.543,173747.452,12793019.412,1693252068
10.33,267993.208,16867.543,173748.192,12790287.241,1693252071
10.33,268355.795,17263.699,177829.693,12794044.744,1693252074
10.33,268439.663,17188.152,177051.438,12794908.089,1693252077
10.33,268439.663,17263.699,177829.886,12794908.089,1693252080
10.33,269840.354,16891.479,173976.586,12809368.838,1693252083
10.33,269840.354,16541.479,170364.586,12809366.519,1693252086
10.33,269840.354,17191.479,177072.586,12809366.519,1693252089
10.33,269837.45,17191.479,177072.737,12809336.492,1693252092
10.33,269196.717,16526.37,170208.963,12802717.042,1693252095
10.33,269880.58,17191.479,177072.586,12809782.025,1693252098
10.33,270224.419,17204.971,177223.662,12813333.708,1693252101
10.33,270224.419,17204.971,177223.662,12813333.708,1693252104
10.33,270224.419,17204.971,177223.662,12813333.708,1693252107
10.33,269966.849,17204.909,177223.654,12810663.661,1693252110
10.33,269966.849,17204.909,177236.351,12810663.661,1693252113
10.33,270016.849,17204.909,177236.351,12811180.161,1693252116
10.33,269716.234,17136.683,176532.941,12808071.289,1693252119
10.33,269706.937,17137.792,176532.938,12807975.763,1693252122
10.33,270114.449,16360.527,168508.886,12812167.074,1693252125
10.33,270501.433,16859.129,173654.459,12816169.259,1693252128
10.33,270503.13,17005.473,175164.804,12816174.634,1693252131
10.33,270512.948,16662.117,171621.371,12816278.268,1693252134
10.33,269440.791,16512.117,170074.729,12805201.945,1693252137
10.33,269428.966,16592.662,170913.185,12805080.457,1693252140
10.33,269571.926,15942.662,164203.751,12806544.446,1693252143
10.33,270962.943,14395.868,148234.825,12820824.885,1693252146
10.32,268936.856,17686.588,182071.99,12799831.631,1693252149
10.32,267955.712,17762.135,182849.49,12789703.881,1693252152
10.32,269289.92,18111.172,186440.714,12803470.924,1693252155
10.32,269607.301,18124.412,186573.587,12806746.296,1693252158
10.32,269403.968,18124.412,186574.674,12804650.012,1693252161
10.32,269208.716,18124.412,186574.809,12802635.012,1693252164
10.32,269194.313,18124.412,186574.674,12802486.223,1693252167
10.32,269194.675,18124.412,186574.674,12802489.981,1693252170
10.32,269708.287,18124.412,186573.587,12807785.667,1693252173
10.31,272791.852,22948.77,235986.625,12839299.164,1693252176
10.31,272975.48,24364.958,250560.686,12841258.584,1693252179
10.31,272975.682,24365.647,250567.769,12841260.673,1693252182
10.31,273026.523,23978.131,246581.344,12841777.616,1693252185
10.31,273026.523,24365.757,250574.435,12841777.701,1693252188
10.31,273026.523,24365.757,250574.435,12841777.616,1693252191
10.31,272301.167,24355.543,250461.679,12834279.952,1693252194
10.31,272301.167,24355.543,250458.591,12834279.952,1693252197
10.31,272162.314,24355.543,250458.591,12832845.6,1693252200
10.31,272243.017,24355.543,250458.591,12833679.844,1693252203
10.31,272243.017,24355.982,250463.917,12833679.844,1693252206
10.31,272243.017,24355.982,250463.917,12833679.844,1693252209
10.31,272243.017,24290.785,249793.04,12833678.455,1693252213
10.31,272243.017,24290.785,249793.04,12833679.844,1693252216
10.31,272243.017,23903.106,245804.397,12833679.844,1693252219
10.31,272205.807,24340.108,250299.49,12833289.94,1693252221
10.32,272595.877,18638.722,191860.493,12837452.644,1693252224
10.32,272903.119,18429.154,189704.177,12840617.023,1693252227
10.32,272345.875,18367.16,189070.721,12834867.866,1693252230
10.32,272595.875,18776.708,193283.612,12837452.692,1693252233
10.32,273015.822,18776.71,193283.633,12841788.707,1693252236
10.32,273976.424,18145.705,186777.664,12851682.911,1693252239
10.32,272726.111,18237.05,187720.234,12838793.423,1693252243
10.32,272759.974,18505.499,190492.492,12839148.947,1693252245
10.32,272759.974,18505.499,190492.492,12839148.947,1693252248
10.32,272759.974,18517.302,190614.105,12839148.947,1693252251
10.32,272471.023,18517.302,190614.256,12836167.65,1693252254
10.32,272471.023,18517.302,190615.343,12836167.65,1693252257
10.32,272494.144,18517.302,190615.343,12836406.259,1693252260
10.32,273116.952,18399.089,189390.78,12842822.923,1693252263
10.32,273085.241,18038.847,185691.315,12842499.667,1693252266
10.32,273856.364,17703.632,182231.958,12850451.594,1693252269
10.32,273885.441,17841.142,183646.97,12850751.668,1693252272
10.32,273148.153,17841.142,183646.97,12843139.328,1693252275
10.32,272475.378,18708.594,192595.733,12836207.406,1693252278
10.32,273222.42,18308.594,188470.495,12843916.202,1693252281
10.32,273443.542,18325.394,188638.239,12846169.825,1693252284
10.32,273996.587,18325.394,188638.239,12851891.283,1693252287
10.32,273572.633,24357.169,250463.464,12847420.147,1693252290
10.31,273021.959,24357.169,250460.692,12841726.617,1693252293
10.31,272878.351,24221.404,249060.932,12840225.342,1693252296
10.31,273132.367,24346.963,250332.8,12842850.341,1693252299
10.31,273104.6,24271.416,249555.921,12842565.772,1693252303
10.31,272901.631,24346.963,250332.8,12840479.079,1693252305
10.31,272901.631,23693.529,243622.73,12840481.685,1693252308
10.31,272901.631,23693.529,243622.73,12840481.516,1693252311
10.31,272901.631,23693.529,243622.73,12840481.685,1693252314
10.31,272918.521,24422.317,251119.531,12840655.99,1693252317
10.31,272918.521,24422.317,251119.531,12840655.99,1693252320
10.31,272918.521,24422.317,251119.531,12840651.651,1693252323
10.31,272918.521,24422.317,251119.834,12840651.585,1693252326
10.31,272563.298,24337.239,250244.381,12836982.984,1693252329
10.31,272917.121,25194.82,259079.954,12840643.029,1693252333
10.31,274474.794,24630.65,253272.046,12856718.076,1693252335
10.31,274474.794,24629.664,253260.311,12856718.076,1693252338
10.31,272906.055,25707.702,264363.303,12840531.189,1693252341
10.31,272906.055,25627.075,263534.457,12840528.802,1693252344
10.31,272906.055,25779.532,265103.24,12840530.495,1693252347
10.32,272864.127,19484.444,200458.417,12840100.355,1693252350
10.32,272544.609,18931.446,194866.285,12836899.104,1693252353
10.32,272544.609,19198.303,197617.976,12836899.104,1693252356
10.32,272544.609,19198.303,197617.976,12836899.104,1693252359
10.32,272543.928,19198.303,197617.976,12836901.743,1693252362
10.32,273172.958,18551.382,190946.635,12843384.303,1693252365
10.32,273173.011,18551.199,190945.244,12843380.976,1693252369
10.32,273140.765,18550.122,190934.14,12843048.198,1693252371
10.32,273164.958,18550.122,190934.14,12843298.596,1693252374
10.32,274007.058,18550.122,190934.14,12851986.68,1693252377
10.32,274007.056,18550.122,190934.14,12851989.289,1693252381
10.32,273958.637,18536.655,190795.829,12851486.492,1693252383
10.32,273993.609,18485.314,190205.343,12851828.624,1693252386
10.32,271863.181,19060.531,196197.964,12829854.41,1693252389
10.32,273057.75,19060.531,196196.605,12842200.525,1693252392
10.32,273057.75,18660.531,192072.605,12842198.442,1693252395
10.32,273057.75,18660.531,192072.605,12842198.789,1693252398
10.32,273057.75,18660.479,192075.65,12842198.789,1693252401
10.32,272298.381,18572.423,191184.333,12834374.18,1693252404
10.32,272951.494,18572.423,191183.095,12841113.117,1693252407
10.32,271977.527,18572.423,191184.333,12831062.967,1693252410
10.32,271253.474,18572.423,191185.711,12823595.502,1693252413
10.32,271253.474,18572.423,191185.711,12823595.502,1693252416
10.32,271080.529,19133.194,196965.874,12821831.235,1693252419
10.32,271070.529,19079.382,196423.377,12821727.735,1693252423
10.32,271070.529,19079.382,196423.68,12821727.904,1693252425
10.32,270494.932,18815.971,193715.019,12815770.579,1693252428
10.32,270413.182,18815.971,193715.019,12814924.393,1693252431
10.32,270413.182,18815.971,193715.019,12814926.805,1693252434
10.32,270912.898,18740.424,192937.791,12820078.667,1693252437
10.32,271412.898,18739.572,192929.209,12825238.667,1693252440
10.32,272087.372,18740.676,192927.248,12832186.044,1693252443
10.32,272087.372,18740.676,192927.248,12832185.532,1693252447
10.32,272206.302,18740.676,192926.005,12833407.796,1693252449
10.32,272254.715,18740.676,192926.005,12833906.408,1693252453
10.32,272422.971,18351.359,188907.966,12835631.871,1693252456
10.32,272809.975,18736.262,192876.693,12839631.744,1693252458
10.32,272858.388,18736.262,192876.693,12840132.092,1693252461
10.32,271478.198,18729.065,192808.563,12825900.754,1693252464
10.32,271478.198,18729.065,192808.563,12825900.754,1693252467
10.32,271478.198,18729.065,192808.563,12825900.754,1693252471
10.32,271478.198,18729.065,192808.563,12825903.254,1693252473
10.32,271478.592,18729.065,192808.563,12825909.659,1693252476
10.32,271019.144,18765.249,193181.032,12821168.156,1693252480
10.32,271286.596,18765.249,193180.896,12823939.57,1693252482
10.32,271286.596,18765.249,193180.896,12823939.57,1693252486
10.32,271286.596,18765.249,193180.896,12823939.57,1693252488
10.32,271963.999,18615.264,191632.586,12830922.649,1693252491
10.32,271963.87,18765.264,193179.086,12830919.695,1693252494
10.32,271496.437,18104.148,186371.959,12826085.827,1693252497
10.32,273359.916,16683.338,171655.577,12845257.753,1693252501
10.32,273356.616,17807.534,183228.039,12845227.121,1693252504
10.32,271881.094,18277.674,188148.766,12830017.762,1693252507
10.32,272063.408,18757.124,193083.549,12831907.775,1693252510
10.32,272739.161,18375.613,189145.989,12838871.548,1693252513
10.32,272763.376,18544.142,190883.098,12839130.933,1693252515
10.32,272686.753,18544.142,190883.098,12838340.184,1693252518
10.32,271986.792,18815.873,193689.629,12831117.099,1693252521
10.32,271986.792,18815.873,193689.629,12831117.099,1693252524
10.32,272105.657,18815.888,193688.905,12832343.273,1693252528
10.32,272105.657,18815.888,193688.905,12832343.273,1693252530
10.32,271118.014,18889.875,194462.71,12822174.788,1693252534
10.32,271158.979,18889.875,194463.477,12822598.304,1693252537
10.32,271158.979,18889.875,194463.477,12822601.392,1693252540
10.32,271159.366,18889.875,194463.206,12822603.082,1693252542
10.32,271159.021,18889.875,194463.477,12822601.828,1693252546
10.32,271159.021,18889.875,194463.477,12822601.828,1693252549
10.32,271159.021,18889.875,194463.477,12822601.828,1693252551
10.32,271159.021,18904.907,194618.157,12822601.997,1693252555
10.32,271200.654,18904.907,194618.157,12823031.481,1693252558
10.32,271200.654,18904.907,194618.459,12823034.19,1693252561
10.32,271200.654,18702.529,192535.687,12823034.19,1693252564
10.32,270166.8,19635.282,202153.216,12812368.774,1693252567
10.32,270166.8,19635.282,202152.673,12812367.386,1693252570
10.32,270166.8,19614.996,201955.216,12812368.774,1693252572
10.32,270166.8,19614.996,201955.216,12812367.386,1693252576
10.32,270210.644,18955.128,195151.675,12812819.305,1693252579
10.32,269660.609,19042.356,196039.251,12807128.855,1693252582
10.32,270210.644,19042.356,196039.444,12812821.717,1693252585
10.32,270210.644,19244.605,198120.888,12812821.886,1693252588
10.32,270210.644,19157.466,197235.432,12812821.717,1693252590
10.32,270210.644,19157.466,197235.13,12812821.717,1693252594
10.32,270250.878,19157.466,197235.13,12813237.334,1693252597
10.32,270123.793,19158.496,197248.631,12811931.998,1693252600
10.32,270123.793,19157.781,197244.328,12811931.998,1693252603
10.32,269881.648,18562.706,191091.627,12809358.571,1693252606
10.32,270446.399,18840.431,193955.634,12815241.192,1693252609
10.32,270977.595,18840.431,193955.499,12820725.462,1693252612
10.32,270859.556,18690.416,192409.571,12819496.219,1693252615
10.32,270496.877,18840.416,193956.071,12815753.372,1693252618
10.32,270496.877,18840.416,193956.207,12815753.372,1693252621
10.32,270223.995,18840.416,193956.207,12812937.23,1693252624
10.32,270162.94,18945.562,195039.175,12812328.949,1693252627
10.32,269725.717,18977.191,195391.859,12807820.607,1693252630
10.32,270104.03,18977.191,195391.859,12811735.684,1693252633
10.32,270104.03,18977.191,195391.859,12811735.684,1693252636
10.32,270104.03,18577.233,191279.476,12811735.835,1693252639
10.32,270104.03,18577.233,191279.476,12811737.528,1693252642
10.32,270104.03,18577.194,191279.074,12811738.223,1693252645
10.32,269458.889,18658.404,192115.537,12805073.93,1693252648
10.32,269453.513,19256.104,198263.154,12805018.45,1693252651
10.32,269376.48,19256.104,198266.176,12804220.251,1693252654
10.32,269373.68,19256.104,198266.176,12804191.355,1693252657
10.32,269370.88,19256.104,198266.176,12804164.323,1693252660
10.33,270510.381,18094.328,186379.853,12816312.148,1693252663
10.33,271196.518,18222.216,187700.294,12823393.031,1693252666
10.33,270627.768,18315.775,188669.94,12817537.751,1693252669
10.33,270683.593,18715.775,192801.527,12818115.1,1693252672
10.33,270683.593,18739.953,193051.529,12818115.1,1693252675
10.33,270702.43,18758.705,193245.548,12818314.708,1693252678
10.33,270358.591,18758.705,193248.636,12814762.852,1693252681
10.33,270358.591,18685.105,192490.556,12814762.852,1693252684
10.33,270358.591,18685.105,192490.556,12814762.852,1693252687
10.33,270340.562,18685.105,192490.556,12814576.612,1693252690
10.33,270340.562,18035.105,185782.556,12814576.612,1693252693
10.33,270340.562,18035.105,185782.556,12814576.612,1693252696
10.33,268729.137,18357.796,189156.579,12797927.426,1693252699
10.33,268622.253,17693.614,182324.047,12796846.119,1693252702
10.33,268124.596,17214.164,177384.431,12791703.69,1693252705
10.33,268905.199,18005.596,185540.08,12799788.449,1693252708
10.33,268905.054,18005.596,185540.08,12799787.722,1693252711
10.33,269116.37,18005.596,185539.777,12801901.983,1693252714
10.33,269950.921,18005.596,185539.777,12810582.839,1693252717
10.33,269859.116,18005.596,185539.777,12809630.941,1693252720
10.33,268987.262,17824.827,183678.373,12800627.402,1693252723
10.33,269410.546,18026.996,185760.411,12805000.489,1693252726
10.33,269060.546,17824.827,183678.071,12801384.989,1693252729
10.33,269060.546,18027.001,185779.433,12801384.989,1693252732
10.33,269060.546,18027.001,185779.433,12801384.989,1693252735
10.33,269710.546,18027.001,185779.433,12808099.489,1693252738
10.33,269258.831,18656.82,192270.172,12803413.824,1693252741
10.33,269258.831,18656.82,192270.172,12803413.824,1693252744
10.33,269267.193,18582.35,191492.799,12803488.31,1693252747
10.33,268879.364,17930.236,184771.532,12799518.377,1693252750
10.33,268601.548,18620.609,191900.691,12796642.367,1693252753
10.33,268956.499,18590.39,191589.133,12800318.888,1693252756
10.33,269858.391,18129.915,186825.287,12809635.263,1693252759
10.33,269858.391,18579.915,191469.287,12809635.263,1693252762
10.33,269761.061,18579.915,191469.287,12808629.344,1693252765
10.33,269566.147,17854.368,183982.896,12806591.226,1693252768
10.33,270236.267,17826.161,183688.017,12813507.713,1693252771
10.33,269577.147,18476.148,190392.901,12806696.128,1693252774
10.33,269930.554,17841.46,183841.548,12810346.823,1693252777
10.33,269182.775,17412.371,179421.815,12802615.234,1693252780
10.33,268240.245,18167.317,187212.846,12792899.1,1693252783
10.33,269307.371,18167.317,187212.846,12803933.168,1693252786
10.33,268645.468,18287.625,188454.424,12797094.658,1693252789
10.33,268525.464,18743.868,193166.68,12795859.198,1693252792
10.33,269039.986,18141.526,186950.208,12801186.413,1693252795
10.33,269039.986,18124.472,186786.343,12801186.244,1693252798
10.33,269632.383,18504.85,190691.721,12807283.783,1693252801
10.33,269993.079,17854.85,183982.499,12811001.496,1693252804
10.33,269644.133,17401.079,179304.139,12807384.424,1693252807
10.33,270111.944,17877.194,184209.332,12812225.142,1693252810
10.33,271496.648,24196.909,249081.271,12826322.359,1693252813
10.33,271109.549,24622.134,253461.088,12822318.05,1693252816
10.33,271519.19,24685.219,254110.864,12826541.82,1693252819
10.33,271525.79,25072.487,258099.724,12826608.543,1693252822
10.33,271519.19,18094.47,186359.221,12826540.674,1693252825
10.33,271525.79,25051.585,257889.483,12826607.834,1693252828
10.32,270382.866,24802.598,255309.324,12814756.373,1693252831
10.32,270382.866,25023.286,257580.684,12814756.373,1693252834
10.32,270620.806,25023.286,257580.684,12817211.793,1693252837
10.32,270770.806,25012.085,257465.202,12818759.793,1693252840
10.32,270395.806,25012.085,257465.202,12814891.043,1693252843
10.32,270854.662,25012.085,257465.775,12819647.935,1693252846
10.32,270854.448,25012.085,257465.775,12819642.156,1693252849
10.32,270854.448,25206.662,259483.409,12819648.035,1693252852
10.32,270854.448,25200.114,259419.773,12819648.035,1693252855
10.32,270928.275,25200.114,259416.685,12820410.668,1693252858
10.32,270928.275,25200.114,259416.685,12820413.055,1693252861
10.32,270928.275,25200.114,259416.685,12820413.055,1693252864
10.32,270928.275,25200.114,259416.685,12820413.055,1693252867
10.32,270928.275,25200.114,259416.685,12820413.055,1693252870
10.32,270928.275,25227.221,259695.887,12820413.055,1693252873
10.32,270876.278,25227.221,259695.887,12819875.926,1693252876
10.32,270876.278,25498.889,262486.297,12819878.042,1693252879
10.32,270876.278,25227.221,259693.475,12819875.926,1693252882
10.32,270873.54,25441.042,261893.42,12819849.156,1693252885
10.33,269870.165,19119.066,196989.115,12809574.304,1693252888
10.33,272358.039,19457.739,200483.18,12835327.175,1693252891
10.33,272417.835,19457.739,200483.373,12835949.699,1693252894
10.33,270995.903,18860.869,194344.858,12821270.637,1693252897
10.33,270846.35,18860.869,194344.556,12819728.682,1693252900
10.33,271201.307,18860.577,194342.333,12823406.984,1693252903
10.33,271201.307,18658.407,192259.982,12823406.984,1693252906
10.33,271201.307,18911.901,194883.071,12823412.712,1693252909
10.33,271201.307,18911.778,194882.611,12823412.712,1693252912
10.33,271387.205,18051.333,186011.107,12825317.005,1693252915
10.33,270737.205,18351.333,189107.107,12818602.505,1693252918
10.33,270742.39,18351.333,189107.651,12818656.066,1693252921
10.33,270161.91,19980.378,205926.987,12812666.306,1693252924
10.33,270161.717,19923.824,205343.915,12812664.312,1693252927
10.33,270161.717,19923.807,205343.74,12812664.312,1693252930
10.33,270112.197,19923.807,205343.74,12812147.936,1693252933
10.33,270112.197,19923.807,205343.74,12812152.275,1693252936
10.33,270112.249,19923.807,205343.74,12812148.667,1693252939
10.33,270112.249,19923.807,205343.74,12812149.523,1693252942
10.33,270112.249,19923.807,205343.74,12812149.523,1693252945
10.33,270112.249,19723.001,203275.452,12812149.523,1693252948
10.33,270112.249,19924.989,205355.928,12812149.523,1693252951
10.33,270127.789,19924.989,205355.928,12812310.21,1693252954
10.33,270127.789,19924.989,205355.928,12812310.21,1693252957
10.33,270127.402,19925.518,205356.158,12812303.985,1693252960
10.33,270777.402,19136.41,197212.262,12819013.108,1693252963
10.33,270327.402,19136.437,197212.54,12814364.608,1693252966
10.33,270125.719,19159.75,197478.786,12812298.772,1693252969
10.33,269553.424,19431.418,200282.019,12806385.683,1693252972
10.33,269553.424,19431.418,200282.019,12806385.683,1693252975
10.33,269553.424,19431.418,200282.019,12806385.683,1693252978
10.33,269498.771,19159.802,197487.016,12805818.454,1693252981
10.33,269498.786,19145.781,197337.179,12805815.497,1693252984
10.33,269498.936,19145.781,197337.179,12805814.727,1693252987
10.33,269440.758,19145.923,197338.641,12805213.082,1693252990
10.33,269500.758,19145.923,197338.641,12805834.082,1693252993
10.33,269562.603,19145.923,197338.641,12806469.22,1693252996
10.33,269562.603,19145.923,197338.641,12806469.22,1693252999
10.33,269562.603,19114.742,197017.165,12806469.22,1693253002
10.33,269562.603,19114.742,197017.165,12806469.22,1693253005
10.33,267696.162,18348.322,189116.299,12787157.329,1693253008
10.33,269653.186,19112.89,196995.643,12807405.865,1693253011
10.33,269653.186,19112.89,196995.643,12807405.865,1693253014
10.33,269653.186,19112.89,196995.643,12807405.865,1693253017
10.33,269651.581,19384.558,199791.182,12807399.141,1693253020
10.33,269651.581,19496.775,200948.064,12807399.141,1693253023
10.33,269651.581,19496.775,200948.064,12807399.141,1693253026
10.33,269562.69,19496.75,200947.806,12806481.101,1693253029
10.33,269562.69,19294.768,198870.467,12806481.101,1693253032
10.33,269562.69,19499.753,200981.872,12806481.101,1693253035
10.34,271258.172,18655.307,192304.047,12824419.561,1693253038
10.34,271258.149,18867.272,194512.861,12824406.19,1693253041
10.34,270954.213,18867.272,194513.947,12821268.993,1693253044
10.34,270109.308,18891.427,194764.693,12812533.431,1693253047
10.34,270109.308,18966.974,195542.827,12812533.431,1693253050
10.34,270309.308,18967.07,195544.3,12814601.431,1693253053
10.34,270109.308,18891.558,194768.547,12812533.431,1693253056
10.34,269919.248,18970.837,195585.43,12810568.211,1693253059
10.34,270069.592,18970.837,195585.158,12812122.768,1693253062
10.34,270069.592,18970.837,195585.43,12812122.768,1693253065
10.34,270059.38,18970.837,195585.43,12812016.589,1693253068
10.34,270059.38,18970.837,195610.171,12812016.589,1693253071
10.34,270059.38,18970.837,195610.171,12812016.589,1693253074
10.34,270059.38,19009.934,196017.142,12812019.001,1693253077
10.34,270752.691,19493.968,201020.31,12819193.07,1693253080
10.34,270753.323,19493.968,201020.31,12819198.847,1693253083
10.34,271098.917,19418.421,200241.3,12822769.749,1693253086
10.34,271704.629,18725.983,193083.413,12829006.044,1693253089
10.34,271704.734,18729.492,193119.661,12829003.265,1693253092
10.34,271704.734,18741.038,193238.701,12829003.265,1693253095
10.34,271703.675,18777.185,193611.151,12828990.198,1693253098
10.33,270682.91,24082.198,248134.385,12818175.643,1693253101
10.33,270136.439,25166.968,259320.779,12812528.414,1693253104
10.33,270651.971,25197.363,259634.658,12817854.79,1693253107
10.33,270296.75,25197.384,259634.064,12814172.835,1693253110
10.33,270650.168,25108.432,258716.969,12817835.076,1693253113
10.33,270650.168,25108.432,258716.969,12817834.071,1693253116
10.33,270651.257,24211.384,249443.477,12817811.804,1693253119
10.33,270880.161,24036.443,247629.894,12820171.889,1693253122
10.33,272017.658,23588.687,243009.681,12831917.359,1693253125
10.33,272018.028,23588.687,243009.681,12831917.318,1693253128
10.33,272018.025,23588.687,243009.681,12831917.529,1693253131
10.33,272018.025,23622.381,243357.456,12831917.529,1693253134
10.33,271190.191,24401.946,251404.076,12823384.85,1693253137
10.33,271502.829,24401.946,251405.163,12826621.08,1693253140
10.33,271502.829,24401.946,251405.163,12826626.703,1693253143
10.33,270711.162,24401.946,251405.299,12818441.679,1693253146
10.33,271066.385,24401.946,251402.886,12822118.237,1693253149
10.33,270711.162,24433.714,251741.913,12818441.679,1693253152
10.33,271066.385,24433.714,251741.913,12822118.237,1693253155
10.33,272107.786,23774.965,244930.609,12832875.232,1693253158
10.33,271825.17,23656.1,243702.647,12829930.823,1693253161
10.33,271715.808,23173.425,238729.82,12828800.02,1693253164
10.33,271715.808,23173.425,238729.82,12828800.02,1693253167
10.33,272261.793,23100.212,237970.595,12834422.74,1693253170
10.33,271715.856,23163.758,238629.167,12828792.7,1693253173
10.33,271715.856,23163.758,238627.808,12828790.965,1693253176
10.33,270989.665,24403.989,251422.484,12821309.045,1693253179
10.33,271344.888,24403.989,251422.484,12824985.603,1693253182
10.33,271739.865,24003.989,247293.397,12829065.715,1693253185
10.33,271153.475,24041.767,247504.181,12822820.26,1693253188
10.33,272657.858,24178.446,248895.196,12838362.536,1693253191
10.33,272657.858,24178.446,248895.196,12838360.036,1693253194
10.33,272671.949,24178.446,248895.196,12838494.299,1693253197
10.33,272671.949,24178.662,248894.997,12838490.355,1693253200
10.33,272187.45,24178.662,248894.997,12833472.372,1693253203
10.33,272187.45,24178.662,248894.997,12833472.372,1693253206
10.32,271087.26,24425.772,251427.792,12822073.307,1693253209
